id,title,description,link,image_link,price,currency,availability,condition,brand
bowl-lisa-bone-gloss-BSKFl3,Country and language,,https://joyandco.com/product/bowl-lisa-bone-gloss-BSKFl3,,249,AED,out of stock,new,Joy and Co
flower-girl-candleholder-lilac-l77Ql5,Country and language,,https://joyandco.com/product/flower-girl-candleholder-lilac-l77Ql5,,83,AED,out of stock,new,Joy and Co
bowl-lisa-coral-gloss-QuUwOW,Country and language,,https://joyandco.com/product/bowl-lisa-coral-gloss-QuUwOW,,249,AED,out of stock,new,Joy and Co
flower-girl-candleholder-yellow-CA8gpn,Country and language,,https://joyandco.com/product/flower-girl-candleholder-yellow-CA8gpn,,83,AED,out of stock,new,Joy and Co
candle-dip-dye-yellow-tJ1CSM,Country and language,,https://joyandco.com/product/candle-dip-dye-yellow-tJ1CSM,,45,AED,out of stock,new,Joy and Co
azure-tower-vase-usiPgp,Country and language,,https://joyandco.com/product/azure-tower-vase-usiPgp,,155,AED,out of stock,new,Joy and Co
twist-glow-candleholder-green-bbkcUk,Country and language,,https://joyandco.com/product/twist-glow-candleholder-green-bbkcUk,,245,AED,out of stock,new,Joy and Co
bowl-lisa-bubblegum-gloss-TyMgca,Country and language,,https://joyandco.com/product/bowl-lisa-bubblegum-gloss-TyMgca,,249,AED,out of stock,new,Joy and Co
flower-girl-candleholde-pink-Hv3IdF,Country and language,,https://joyandco.com/product/flower-girl-candleholde-pink-Hv3IdF,,83,AED,out of stock,new,Joy and Co
sugarline-vase-9rFoY2,Country and language,,https://joyandco.com/product/sugarline-vase-9rFoY2,,135,AED,out of stock,new,Joy and Co
pink-kiss-planter-wNl1qY,Country and language,,https://joyandco.com/product/pink-kiss-planter-wNl1qY,,375,AED,out of stock,new,Joy and Co
skyline-vase-9yZABA,Country and language,,https://joyandco.com/product/skyline-vase-9yZABA,,125,AED,out of stock,new,Joy and Co
twist-flicker-candleholder-pink-JT2eWd,Country and language,,https://joyandco.com/product/twist-flicker-candleholder-pink-JT2eWd,,145,AED,out of stock,new,Joy and Co
chrome-kiss-planter-nTDrA9,Country and language,,https://joyandco.com/product/chrome-kiss-planter-nTDrA9,,375,AED,out of stock,new,Joy and Co
flower-girl-candleholder-ochre-dtKhkX,Country and language,,https://joyandco.com/product/flower-girl-candleholder-ochre-dtKhkX,,83,AED,out of stock,new,Joy and Co
twist-glow-candleholder-orange-3nhp4A,Country and language,,https://joyandco.com/product/twist-glow-candleholder-orange-3nhp4A,,245,AED,out of stock,new,Joy and Co
twist-flicker-candleholder-white-sAsYLc,Country and language,,https://joyandco.com/product/twist-flicker-candleholder-white-sAsYLc,,145,AED,out of stock,new,Joy and Co
flower-girl-set-of-4-ADbOHH,Country and language,,https://joyandco.com/product/flower-girl-set-of-4-ADbOHH,,299,AED,out of stock,new,Joy and Co
