id,title,description,link,image_link,price,availability,condition,brand
cello-suite-n29-montecarlo-night-700ml-LJv3uf,Cello suite n.29 Montecarlo Night 700ML,Cello suite n.29 Montecarlo Night 700ML,https://joyandco.com/product/cello-suite-n29-montecarlo-night-700ml-LJv3uf,https://joyandco.com/storage/app/public/product/meta/def.webp,775 AED,in stock,new,Joy and Co
flower-girl-candleholder-ochre-dtKhkX,Flower Girl Candleholder Ochre,Flower Girl Candleholder Ochre,https://joyandco.com/product/flower-girl-candleholder-ochre-dtKhkX,https://joyandco.com/storage/app/public/product/meta/def.webp,83 AED,in stock,new,Joy and Co
powder-striped-yogurt-bowl-FSlq6Q,Powder Striped Yogurt Bowl,Powder Striped Yogurt Bowl,https://joyandco.com/product/powder-striped-yogurt-bowl-FSlq6Q,https://joyandco.com/storage/app/public/product/meta/def.webp,129 AED,in stock,new,Joy and Co
pegasus-breakfast-plate-rOnjMj,Pegasus Breakfast Plate,Pegasus Breakfast Plate,https://joyandco.com/product/pegasus-breakfast-plate-rOnjMj,https://joyandco.com/storage/app/public/product/meta/def.webp,155 AED,in stock,new,Joy and Co
powder-striped-jug-suAk5v,Powder Striped Jug,Powder Striped Jug,https://joyandco.com/product/powder-striped-jug-suAk5v,https://joyandco.com/storage/app/public/product/meta/def.webp,279 AED,in stock,new,Joy and Co
flower-girl-candleholder-yellow-CA8gpn,Flower Girl Candleholder Yellow,Flower Girl Candleholder Yellow,https://joyandco.com/product/flower-girl-candleholder-yellow-CA8gpn,https://joyandco.com/storage/app/public/product/meta/def.webp,83 AED,in stock,new,Joy and Co
glitchy-willow-dessert-plate-classics-on-acid-BaIQCz,Glitchy Willow Dessert Plate - Classics on Acid,Glitchy Willow Dessert Plate - Classics on Acid,https://joyandco.com/product/glitchy-willow-dessert-plate-classics-on-acid-BaIQCz,https://joyandco.com/storage/app/public/product/meta/def.webp,195 AED,in stock,new,Joy and Co
candle-dip-dye-yellow-tJ1CSM,Candle Dip Dye yellow,Candle Dip Dye yellow,https://joyandco.com/product/candle-dip-dye-yellow-tJ1CSM,https://joyandco.com/storage/app/public/product/meta/def.webp,45 AED,in stock,new,Joy and Co
hybrid-teapot-smeraldina-jP5GhE,Hybrid Teapot Smeraldina,Hybrid Teapot Smeraldina,https://joyandco.com/product/hybrid-teapot-smeraldina-jP5GhE,https://joyandco.com/storage/app/public/product/meta/def.webp,510 AED,in stock,new,Joy and Co
flower-girl-candleholder-lilac-l77Ql5,Flower Girl Candleholder Lilac,Flower Girl Candleholder Lilac,https://joyandco.com/product/flower-girl-candleholder-lilac-l77Ql5,https://joyandco.com/storage/app/public/product/meta/def.webp,83 AED,in stock,new,Joy and Co
neon-citrine-hobnail-tumblers-set-of-6-3uVHor,Set of 6 Neon Citrine Hobnail Tumblers,Set of 6 Neon Citrine Hobnail Tumblers,https://joyandco.com/product/neon-citrine-hobnail-tumblers-set-of-6-3uVHor,https://joyandco.com/storage/app/public/product/meta/def.webp,680 AED,in stock,new,Joy and Co
flower-girl-set-of-4-ADbOHH,Flower Girl Set Of 4,Flower Girl Set Of 4,https://joyandco.com/product/flower-girl-set-of-4-ADbOHH,https://joyandco.com/storage/app/public/product/meta/def.webp,299 AED,in stock,new,Joy and Co
crystal-hobnail-jug-with-gold-handle-U5RN5L,Crystal Hobnail Jug with Gold Handle,Crystal Hobnail Jug with Gold Handle,https://joyandco.com/product/crystal-hobnail-jug-with-gold-handle-U5RN5L,https://joyandco.com/storage/app/public/product/meta/def.webp,750 AED,in stock,new,Joy and Co
pine-scalloped-dinner-plate-EmNJaO,Pine Scalloped Dinner Plate,Pine Scalloped Dinner Plate,https://joyandco.com/product/pine-scalloped-dinner-plate-EmNJaO,https://joyandco.com/storage/app/public/product/meta/def.webp,165 AED,in stock,new,Joy and Co
birdy-bowl-BJBWFJ,Birdy Bowl,Birdy Bowl,https://joyandco.com/product/birdy-bowl-BJBWFJ,https://joyandco.com/storage/app/public/product/meta/def.webp,567 AED,in stock,new,Joy and Co
dip-dye-coral-taper-candle-j9N4V8,Pack of 4 Dip Dye Coral Taper Candle,Pack of 4 Dip Dye Coral Taper Candle,https://joyandco.com/product/dip-dye-coral-taper-candle-j9N4V8,https://joyandco.com/storage/app/public/product/meta/def.webp,45 AED,in stock,new,Joy and Co
stella-dinner-plate-1l2i66,Stella Dinner Plate,Stella Dinner Plate,https://joyandco.com/product/stella-dinner-plate-1l2i66,https://joyandco.com/storage/app/public/product/meta/2025-02-20-67b70d260d5b0.webp,249 AED,in stock,new,Joy and Co
tropical-vase-JoQGyk,Tropical Vase,Tropical Vase,https://joyandco.com/product/tropical-vase-JoQGyk,https://joyandco.com/storage/app/public/product/meta/def.webp,250 AED,in stock,new,Joy and Co
abracadabra-coffee-cups-set-xUdyr3,Abracadabra Coffee Cups Set,Abracadabra Coffee Cups Set,https://joyandco.com/product/abracadabra-coffee-cups-set-xUdyr3,https://joyandco.com/storage/app/public/product/meta/2025-02-19-67b6328ac1aeb.webp,872 AED,in stock,new,Joy and Co
mandarino-vase-oSs5Fd,Mandarino Vase,Mandarino Vase,https://joyandco.com/product/mandarino-vase-oSs5Fd,https://joyandco.com/storage/app/public/product/meta/def.webp,580 AED,in stock,new,Joy and Co
pink-scalloped-dinner-plate-fMD6g5,Pink Scalloped Dinner Plate,Pink Scalloped Dinner Plate,https://joyandco.com/product/pink-scalloped-dinner-plate-fMD6g5,https://joyandco.com/storage/app/public/product/meta/def.webp,165 AED,in stock,new,Joy and Co
chinoiserie-birds-linen-runner-Jp2Omz,Chinoiserie Birds Linen Runner,Chinoiserie Birds Linen Runner,https://joyandco.com/product/chinoiserie-birds-linen-runner-Jp2Omz,https://joyandco.com/storage/app/public/product/meta/def.webp,275 AED,in stock,new,Joy and Co
sugar-bowl-KoIAB8,Sugar Bowl,Sugar Bowl,https://joyandco.com/product/sugar-bowl-KoIAB8,https://joyandco.com/storage/app/public/product/meta/2025-02-26-67bf585e9c6fa.webp,108 AED,in stock,new,Joy and Co
bold-stripes-vase-IErdVl,Bold Stripes Vase,Bold Stripes Vase,https://joyandco.com/product/bold-stripes-vase-IErdVl,https://joyandco.com/storage/app/public/product/meta/def.webp,150 AED,in stock,new,Joy and Co
large-venice-candle-holder-9ERK1X,Large Venice Candle Holder,Large Venice Candle Holder,https://joyandco.com/product/large-venice-candle-holder-9ERK1X,https://joyandco.com/storage/app/public/product/meta/def.webp,160 AED,in stock,new,Joy and Co
flower-bird-soup-plate-classics-on-acid-6Q6xUy,Flower Bird Soup Plate - Classics on Acid,Flower Bird Soup Plate - Classics on Acid,https://joyandco.com/product/flower-bird-soup-plate-classics-on-acid-6Q6xUy,https://joyandco.com/storage/app/public/product/meta/def.webp,345 AED,in stock,new,Joy and Co
comic-art-teddy-olpPI9,Comic Art Teddy,Comic Art Teddy,https://joyandco.com/product/comic-art-teddy-olpPI9,https://joyandco.com/storage/app/public/product/meta/def.webp,1550 AED,in stock,new,Joy and Co
classic-love-cappucino-mug-8stYME,Classic Love Cappucino Mug,Classic Love Cappucino Mug,https://joyandco.com/product/classic-love-cappucino-mug-8stYME,https://joyandco.com/storage/app/public/product/meta/def.webp,129 AED,in stock,new,Joy and Co
apple-squared-trinket-tray-eHcdjZ,Apple Squared Trinket Tray,Apple Squared Trinket Tray,https://joyandco.com/product/apple-squared-trinket-tray-eHcdjZ,https://joyandco.com/storage/app/public/product/meta/2025-02-20-67b70f0b16460.webp,203 AED,in stock,new,Joy and Co
matcha-set-giftbox-yellow-igGm0V,Matcha set giftbox yellow,Matcha set giftbox yellow,https://joyandco.com/product/matcha-set-giftbox-yellow-igGm0V,https://joyandco.com/storage/app/public/product/meta/def.webp,390 AED,in stock,new,Joy and Co
birdy-vase-1ivN0A,Birdy Vase,Birdy Vase,https://joyandco.com/product/birdy-vase-1ivN0A,https://joyandco.com/storage/app/public/product/meta/def.webp,639 AED,in stock,new,Joy and Co
crystal-cake-stand-l-1aXHg5,Crystal Cake Stand L,Crystal Cake Stand L,https://joyandco.com/product/crystal-cake-stand-l-1aXHg5,https://joyandco.com/storage/app/public/product/meta/def.webp,445 AED,in stock,new,Joy and Co
i-love-you-mug-JY2Lvh,I Love you Mug,I Love you Mug,https://joyandco.com/product/i-love-you-mug-JY2Lvh,https://joyandco.com/storage/app/public/product/meta/def.webp,110 AED,in stock,new,Joy and Co
sugarvault-jar-m-q7f2Tq,SugarVault Jar M,SugarVault Jar M,https://joyandco.com/product/sugarvault-jar-m-q7f2Tq,https://joyandco.com/storage/app/public/product/meta/def.webp,165 AED,in stock,new,Joy and Co
ramadan-nights-linen-napkins-set-of-4-dTIbPj,Ramadan Nights Linen Napkins Set of 4,Ramadan Nights Linen Napkins Set of 4,https://joyandco.com/product/ramadan-nights-linen-napkins-set-of-4-dTIbPj,https://joyandco.com/storage/app/public/product/meta/def.webp,290 AED,in stock,new,Joy and Co
cello-suite-n7-woods-harmony-700ml-Sj5LDL,Cello suite n.7 Woods Harmony 700ML,Cello suite n.7 Woods Harmony 700ML,https://joyandco.com/product/cello-suite-n7-woods-harmony-700ml-Sj5LDL,https://joyandco.com/storage/app/public/product/meta/def.webp,775 AED,in stock,new,Joy and Co
david-bust-white-side-table-VtGaFa,David Bust White Side Table,David Bust White Side Table,https://joyandco.com/product/david-bust-white-side-table-VtGaFa,https://joyandco.com/storage/app/public/product/meta/def.webp,1520 AED,in stock,new,Joy and Co
nala-candle-holder-UsgmDg,Nala Candle Holder,Nala Candle Holder,https://joyandco.com/product/nala-candle-holder-UsgmDg,https://joyandco.com/storage/app/public/product/meta/def.webp,210 AED,in stock,new,Joy and Co
sandy-candle-holder-HJHOe0,Sandy Candle Holder,Sandy Candle Holder,https://joyandco.com/product/sandy-candle-holder-HJHOe0,https://joyandco.com/storage/app/public/product/meta/def.webp,95 AED,in stock,new,Joy and Co
cherry-blossom-lidded-jar-EwKIkl,Cherry Blossom Lidded Jar,Cherry Blossom Lidded Jar,https://joyandco.com/product/cherry-blossom-lidded-jar-EwKIkl,https://joyandco.com/storage/app/public/product/meta/def.webp,395 AED,in stock,new,Joy and Co
pegasus-striped-cake-platter-gGfYcN,Pegasus Striped Cake Platter,Pegasus Striped Cake Platter,https://joyandco.com/product/pegasus-striped-cake-platter-gGfYcN,https://joyandco.com/storage/app/public/product/meta/def.webp,350 AED,in stock,new,Joy and Co
vase-oscar-bone-gloss-aA1JJf,Vase 'Óscar' Bone Gloss,Vase 'Óscar' Bone Gloss,https://joyandco.com/product/vase-oscar-bone-gloss-aA1JJf,https://joyandco.com/storage/app/public/product/meta/def.webp,720 AED,in stock,new,Joy and Co
shut-up-mug-91SeML,Shut Up Mug,Shut Up Mug,https://joyandco.com/product/shut-up-mug-91SeML,https://joyandco.com/storage/app/public/product/meta/def.webp,110 AED,in stock,new,Joy and Co
nora-purple-candle-holder-kwNBcR,Nora Purple Candle Holder,Nora Purple Candle Holder,https://joyandco.com/product/nora-purple-candle-holder-kwNBcR,https://joyandco.com/storage/app/public/product/meta/def.webp,105 AED,in stock,new,Joy and Co
cherry-blossom-lidded-vase-lKXu7G,Cherry Blossom Lidded Vase,Cherry Blossom Lidded Vase,https://joyandco.com/product/cherry-blossom-lidded-vase-lKXu7G,https://joyandco.com/storage/app/public/product/meta/def.webp,295 AED,in stock,new,Joy and Co
gorilla-gentleman-Hnh5S9,Gorilla Gentleman,Gorilla Gentleman,https://joyandco.com/product/gorilla-gentleman-Hnh5S9,https://joyandco.com/storage/app/public/product/meta/def.webp,1550 AED,in stock,new,Joy and Co
palm-tree-linen-napkins-set-of-4-H8N5uf,Palm Tree Linen Placemat Set of 4,Palm Tree Linen Placemat Set of 4,https://joyandco.com/product/palm-tree-linen-napkins-set-of-4-H8N5uf,https://joyandco.com/storage/app/public/product/meta/def.webp,450 AED,in stock,new,Joy and Co
blue-scalloped-dinner-plate-S6VT1h,Blue Scalloped Dinner Plate,Blue Scalloped Dinner Plate,https://joyandco.com/product/blue-scalloped-dinner-plate-S6VT1h,https://joyandco.com/storage/app/public/product/meta/def.webp,165 AED,in stock,new,Joy and Co
checkmate-vase-o3SZCR,Checkmate Vase,Checkmate Vase,https://joyandco.com/product/checkmate-vase-o3SZCR,https://joyandco.com/storage/app/public/product/meta/def.webp,199 AED,in stock,new,Joy and Co
rock-style-wqoBAi,Rock Style,Rock Style,https://joyandco.com/product/rock-style-wqoBAi,https://joyandco.com/storage/app/public/product/meta/def.webp,1450 AED,in stock,new,Joy and Co
whimsy-jar-PPY9tL,Whimsy Jar,Whimsy Jar,https://joyandco.com/product/whimsy-jar-PPY9tL,https://joyandco.com/storage/app/public/product/meta/def.webp,125 AED,in stock,new,Joy and Co
tea-cups-wplate-set-of-two-fKGiZh,Tea Cups W/Plate Set of Two,Tea Cups W/Plate Set of Two,https://joyandco.com/product/tea-cups-wplate-set-of-two-fKGiZh,https://joyandco.com/storage/app/public/product/meta/2025-02-19-67b634d47cefa.webp,156 AED,in stock,new,Joy and Co
abracadabra-incanto-deep-plate-f6f3Fa,Abracadabra Incanto Deep Plate,Abracadabra Incanto Deep Plate,https://joyandco.com/product/abracadabra-incanto-deep-plate-f6f3Fa,https://joyandco.com/storage/app/public/product/meta/2025-02-19-67b5e339f2f7a.webp,210 AED,in stock,new,Joy and Co
crazy-quarter-dark-green-line-fuZS9K,Crazy Quarter Dark Green Line,Crazy Quarter Dark Green Line,https://joyandco.com/product/crazy-quarter-dark-green-line-fuZS9K,https://joyandco.com/storage/app/public/product/meta/def.webp,145 AED,in stock,new,Joy and Co
black-vase-m-J1WakU,Black Vase M,Black Vase M,https://joyandco.com/product/black-vase-m-J1WakU,https://joyandco.com/storage/app/public/product/meta/def.webp,199 AED,in stock,new,Joy and Co
edion-oud-pqTyyh,EDION Oud 700ML,EDION Oud 700ML,https://joyandco.com/product/edion-oud-pqTyyh,https://joyandco.com/storage/app/public/product/meta/def.webp,775 AED,in stock,new,Joy and Co
talavera-soup-plate-classics-on-acid-f5iyo7,Talavera Soup Plate - Classics on Acid,Talavera Soup Plate - Classics on Acid,https://joyandco.com/product/talavera-soup-plate-classics-on-acid-f5iyo7,https://joyandco.com/storage/app/public/product/meta/def.webp,345 AED,in stock,new,Joy and Co
fancy-pink-candle-holder-wSTBIb,Fancy Pink Candle Holder,Fancy Pink Candle Holder,https://joyandco.com/product/fancy-pink-candle-holder-wSTBIb,https://joyandco.com/storage/app/public/product/meta/def.webp,190 AED,in stock,new,Joy and Co
mug-i-know-qcJ8sD,Mug I Know,Mug I Know,https://joyandco.com/product/mug-i-know-qcJ8sD,https://joyandco.com/storage/app/public/product/meta/def.webp,110 AED,in stock,new,Joy and Co
ciao-bella-photo-frame-qBTc0B,Ciao Bella Photo Frame,Ciao Bella Photo Frame,https://joyandco.com/product/ciao-bella-photo-frame-qBTc0B,https://joyandco.com/storage/app/public/product/meta/def.webp,110 AED,in stock,new,Joy and Co
fiorentino-dessert-plate-classics-on-acid-LwzVgz,Fiorentino Dessert Plate - Classics on Acid,Fiorentino Dessert Plate - Classics on Acid,https://joyandco.com/product/fiorentino-dessert-plate-classics-on-acid-LwzVgz,https://joyandco.com/storage/app/public/product/meta/def.webp,195 AED,in stock,new,Joy and Co
ylvie-candle-holder-aLS7Cd,Ylvie Candle Holder,Ylvie Candle Holder,https://joyandco.com/product/ylvie-candle-holder-aLS7Cd,https://joyandco.com/storage/app/public/product/meta/def.webp,105 AED,in stock,new,Joy and Co
love-in-bloom-gold-vase-RNElJR,Love in Bloom Gold Vase,Love in Bloom Gold Vase,https://joyandco.com/product/love-in-bloom-gold-vase-RNElJR,https://joyandco.com/storage/app/public/product/meta/def.webp,360 AED,in stock,new,Joy and Co
david-bust-black-side-table-lU4Fj5,David Bust Black Side Table,David Bust Black Side Table,https://joyandco.com/product/david-bust-black-side-table-lU4Fj5,https://joyandco.com/storage/app/public/product/meta/def.webp,1520 AED,in stock,new,Joy and Co
aquamarine-hobnail-jug-tall-KMO9Fr,Aquamarine Hobnail Jug Tall,Aquamarine Hobnail Jug Tall,https://joyandco.com/product/aquamarine-hobnail-jug-tall-KMO9Fr,https://joyandco.com/storage/app/public/product/meta/def.webp,475 AED,in stock,new,Joy and Co
tissue-box-yellow-wzvC7o,Tissue Box Yellow,Tissue Box Yellow,https://joyandco.com/product/tissue-box-yellow-wzvC7o,https://joyandco.com/storage/app/public/product/meta/def.webp,315 AED,in stock,new,Joy and Co
cello-suite-n29-montecarlo-night-3000ml-u5FFZ6,Cello suite n.29 Montecarlo Night 3000ML,Cello suite n.29 Montecarlo Night 3000ML,https://joyandco.com/product/cello-suite-n29-montecarlo-night-3000ml-u5FFZ6,https://joyandco.com/storage/app/public/product/meta/def.webp,2790 AED,in stock,new,Joy and Co
samatha-candle-holder-ogP5cL,Samatha Candle Holder,Samatha Candle Holder,https://joyandco.com/product/samatha-candle-holder-ogP5cL,https://joyandco.com/storage/app/public/product/meta/def.webp,115 AED,in stock,new,Joy and Co
retro-cushion-pink-0s6NHY,Retro Cushion Pink,Retro Cushion Pink,https://joyandco.com/product/retro-cushion-pink-0s6NHY,https://joyandco.com/storage/app/public/product/meta/def.webp,245 AED,in stock,new,Joy and Co
zigzag-groove-vase-1IcRW8,Zigzag Groove Vase,Zigzag Groove Vase,https://joyandco.com/product/zigzag-groove-vase-1IcRW8,https://joyandco.com/storage/app/public/product/meta/def.webp,260 AED,in stock,new,Joy and Co
petra-pink-candle-holder-gmftTY,Petra Pink Candle Holder,Petra Pink Candle Holder,https://joyandco.com/product/petra-pink-candle-holder-gmftTY,https://joyandco.com/storage/app/public/product/meta/def.webp,75 AED,in stock,new,Joy and Co
blush-wave-vase-VgygWF,Blush Wave Vase,Blush Wave Vase,https://joyandco.com/product/blush-wave-vase-VgygWF,https://joyandco.com/storage/app/public/product/meta/def.webp,160 AED,in stock,new,Joy and Co
jug-emily-sky-matte-sjVqjD,Jug 'Emily' Sky Matte,Jug 'Emily' Sky Matte,https://joyandco.com/product/jug-emily-sky-matte-sjVqjD,https://joyandco.com/storage/app/public/product/meta/def.webp,540 AED,in stock,new,Joy and Co
twist-glow-candleholder-green-bbkcUk,Twist & Glow Candleholder Green,Twist & Glow Candleholder Green,https://joyandco.com/product/twist-glow-candleholder-green-bbkcUk,https://joyandco.com/storage/app/public/product/meta/def.webp,245 AED,in stock,new,Joy and Co
roots-silver-candle-holder-9tOJ5v,Roots Silver Candle Holder,Roots Silver Candle Holder,https://joyandco.com/product/roots-silver-candle-holder-9tOJ5v,https://joyandco.com/storage/app/public/product/meta/def.webp,949 AED,in stock,new,Joy and Co
parrot-candelabra-Kiv1zP,Parrot Candelabra,Parrot Candelabra,https://joyandco.com/product/parrot-candelabra-Kiv1zP,https://joyandco.com/storage/app/public/product/meta/def.webp,377 AED,in stock,new,Joy and Co
vivid-vase-Gqxs54,Vivid Vase,Vivid Vase,https://joyandco.com/product/vivid-vase-Gqxs54,https://joyandco.com/storage/app/public/product/meta/def.webp,185 AED,in stock,new,Joy and Co
jug-emily-moss-gloss-x8TBZR,Jug 'Emily' Moss Gloss,Jug 'Emily' Moss Gloss,https://joyandco.com/product/jug-emily-moss-gloss-x8TBZR,https://joyandco.com/storage/app/public/product/meta/def.webp,540 AED,in stock,new,Joy and Co
crystal-hobnail-tumblers-set-of-6-zEUa32,Set of 6 Crystal Hobnail Tumblers,Set of 6 Crystal Hobnail Tumblers,https://joyandco.com/product/crystal-hobnail-tumblers-set-of-6-zEUa32,https://joyandco.com/storage/app/public/product/meta/def.webp,600 AED,in stock,new,Joy and Co
lumiere-jar-m-rRxnFq,Lumiere Jar M,Lumiere Jar M,https://joyandco.com/product/lumiere-jar-m-rRxnFq,https://joyandco.com/storage/app/public/product/meta/def.webp,165 AED,in stock,new,Joy and Co
cello-suite-n29-montecarlo-night-3000ml-ecMhk9,Cello suite n.29 Montecarlo Night 3000ML,Cello suite n.29 Montecarlo Night 3000ML,https://joyandco.com/product/cello-suite-n29-montecarlo-night-3000ml-ecMhk9,https://joyandco.com/storage/app/public/product/meta/def.webp,2790 AED,in stock,new,Joy and Co
jug-emily-yolk-matte-gIGtmY,Jug 'Emily' Yolk matte,Jug 'Emily' Yolk matte,https://joyandco.com/product/jug-emily-yolk-matte-gIGtmY,https://joyandco.com/storage/app/public/product/meta/def.webp,540 AED,in stock,new,Joy and Co
classic-yellow-porcelain-vase-l-Tex3ve,Classic Yellow Porcelain Vase L,Classic Yellow Porcelain Vase L,https://joyandco.com/product/classic-yellow-porcelain-vase-l-Tex3ve,https://joyandco.com/storage/app/public/product/meta/def.webp,415 AED,in stock,new,Joy and Co
delf-rose-dessert-plate-classics-on-acide-1rmfAV,Delf Rose Dessert Plate - Classics on Acide,Delf Rose Dessert Plate - Classics on Acide,https://joyandco.com/product/delf-rose-dessert-plate-classics-on-acide-1rmfAV,https://joyandco.com/storage/app/public/product/meta/def.webp,195 AED,in stock,new,Joy and Co
sunny-wave-vase-j1TarN,Sunny Wave Vase,Sunny Wave Vase,https://joyandco.com/product/sunny-wave-vase-j1TarN,https://joyandco.com/storage/app/public/product/meta/def.webp,180 AED,in stock,new,Joy and Co
bubble-bliss-small-green-vase-fELe5t,Bubble Bliss Small Green Vase,Bubble Bliss Small Green Vase,https://joyandco.com/product/bubble-bliss-small-green-vase-fELe5t,https://joyandco.com/storage/app/public/product/meta/def.webp,135 AED,in stock,new,Joy and Co
small-cups-mixed-shapes-set-of-six-ITei5v,Small Cups Mixed Shapes Set of Six,Small Cups Mixed Shapes Set of Six,https://joyandco.com/product/small-cups-mixed-shapes-set-of-six-ITei5v,https://joyandco.com/storage/app/public/product/meta/2025-02-19-67b6334140b1a.webp,407 AED,in stock,new,Joy and Co
maastricht-ship-dinner-plate-classics-on-acid-WJeUWg,Maastricht Ship Dinner Plate - Classics on Acid,Maastricht Ship Dinner Plate - Classics on Acid,https://joyandco.com/product/maastricht-ship-dinner-plate-classics-on-acid-WJeUWg,https://joyandco.com/storage/app/public/product/meta/def.webp,295 AED,in stock,new,Joy and Co
romy-candle-holder-bFYHHJ,Romy Candle Holder,Romy Candle Holder,https://joyandco.com/product/romy-candle-holder-bFYHHJ,https://joyandco.com/storage/app/public/product/meta/def.webp,115 AED,in stock,new,Joy and Co
sunbeam-vase-iSeYkN,Sunbeam Vase,Sunbeam Vase,https://joyandco.com/product/sunbeam-vase-iSeYkN,https://joyandco.com/storage/app/public/product/meta/def.webp,135 AED,in stock,new,Joy and Co
papillion-lidded-jar-hEOqcQ,Papillion Lidded Jar,Papillion Lidded Jar,https://joyandco.com/product/papillion-lidded-jar-hEOqcQ,https://joyandco.com/storage/app/public/product/meta/def.webp,450 AED,in stock,new,Joy and Co
nora-green-candle-holder-hLo94e,Nora Green Candle Holder,Nora Green Candle Holder,https://joyandco.com/product/nora-green-candle-holder-hLo94e,https://joyandco.com/storage/app/public/product/meta/def.webp,105 AED,in stock,new,Joy and Co
neon-citrine-hobnail-jug-PmY5xi,Neon Citrine Hobnail Jug,Neon Citrine Hobnail Jug,https://joyandco.com/product/neon-citrine-hobnail-jug-PmY5xi,https://joyandco.com/storage/app/public/product/meta/def.webp,600 AED,in stock,new,Joy and Co
petra-candle-holder-5RJlNo,Petra Green Candle Holder,Petra Green Candle Holder,https://joyandco.com/product/petra-candle-holder-5RJlNo,https://joyandco.com/storage/app/public/product/meta/def.webp,75 AED,in stock,new,Joy and Co
stella-round-plate-UP0upm,Stella Round Plate,Stella Round Plate,https://joyandco.com/product/stella-round-plate-UP0upm,https://joyandco.com/storage/app/public/product/meta/2025-02-20-67b70df5c783f.webp,420 AED,in stock,new,Joy and Co
leopard-candle-holder-set-of-2-W54Wir,Set of 2 Leopard Candle Holder,Set of 2 Leopard Candle Holder,https://joyandco.com/product/leopard-candle-holder-set-of-2-W54Wir,https://joyandco.com/storage/app/public/product/meta/def.webp,227 AED,in stock,new,Joy and Co
twist-flicker-candleholder-pink-JT2eWd,Twist & Flicker Candleholder Pink,Twist & Flicker Candleholder Pink,https://joyandco.com/product/twist-flicker-candleholder-pink-JT2eWd,https://joyandco.com/storage/app/public/product/meta/def.webp,145 AED,in stock,new,Joy and Co
paint-the-world-with-love-V6VbrO,Paint the World with Love,Paint the World with Love,https://joyandco.com/product/paint-the-world-with-love-V6VbrO,https://joyandco.com/storage/app/public/product/meta/def.webp,1400 AED,in stock,new,Joy and Co
classic-love-dessert-plate-vHavwn,Classic Love Dessert Plate,Classic Love Dessert Plate,https://joyandco.com/product/classic-love-dessert-plate-vHavwn,https://joyandco.com/storage/app/public/product/meta/def.webp,115 AED,in stock,new,Joy and Co
english-delft-dinner-plate-classics-on-acid-f5m2Cz,English Delft Dinner Plate - Classics on Acid,English Delft Dinner Plate - Classics on Acid,https://joyandco.com/product/english-delft-dinner-plate-classics-on-acid-f5m2Cz,https://joyandco.com/storage/app/public/product/meta/def.webp,295 AED,in stock,new,Joy and Co
aquamarine-hobnail-tumblers-set-of-6-LbUM2N,Set of 6 Aquamarine Hobnail Tumblers,Set of 6 Aquamarine Hobnail Tumblers,https://joyandco.com/product/aquamarine-hobnail-tumblers-set-of-6-LbUM2N,https://joyandco.com/storage/app/public/product/meta/def.webp,600 AED,in stock,new,Joy and Co
palm-tree-linen-napkins-set-of-4-Q7LhiL,Palm Tree Linen Napkins Set of 4,Palm Tree Linen Napkins Set of 4,https://joyandco.com/product/palm-tree-linen-napkins-set-of-4-Q7LhiL,https://joyandco.com/storage/app/public/product/meta/def.webp,290 AED,in stock,new,Joy and Co
powder-striped-cappuccino-mug-S4e6w4,Powder Striped Cappuccino Mug,Powder Striped Cappuccino Mug,https://joyandco.com/product/powder-striped-cappuccino-mug-S4e6w4,https://joyandco.com/storage/app/public/product/meta/def.webp,129 AED,in stock,new,Joy and Co
sugarvault-jar-s-NejKK6,SugarVault Jar S,SugarVault Jar S,https://joyandco.com/product/sugarvault-jar-s-NejKK6,https://joyandco.com/storage/app/public/product/meta/def.webp,125 AED,in stock,new,Joy and Co
black-vase-l-bnkl7X,Black Vase L,Black Vase L,https://joyandco.com/product/black-vase-l-bnkl7X,https://joyandco.com/storage/app/public/product/meta/def.webp,270 AED,in stock,new,Joy and Co
stella-deep-plate-60wtiW,Stella Deep Plate,Stella Deep Plate,https://joyandco.com/product/stella-deep-plate-60wtiW,https://joyandco.com/storage/app/public/product/meta/2025-02-20-67b70dbf22693.webp,210 AED,in stock,new,Joy and Co
bronze-hobnail-tumblers-set-of-6-gLiGbn,Set of 6 Bronze Hobnail Tumblers,Set of 6 Bronze Hobnail Tumblers,https://joyandco.com/product/bronze-hobnail-tumblers-set-of-6-gLiGbn,https://joyandco.com/storage/app/public/product/meta/def.webp,600 AED,in stock,new,Joy and Co
jardin-lidded-vase-F3AkBV,Jardin Lidded Vase,Jardin Lidded Vase,https://joyandco.com/product/jardin-lidded-vase-F3AkBV,https://joyandco.com/storage/app/public/product/meta/2025-02-20-67b711f3658a8.webp,580 AED,in stock,new,Joy and Co
candelabra-eric-bone-matte-GgNYWF,Candelabra 'Eric' Bone Matte,Candelabra 'Eric' Bone Matte,https://joyandco.com/product/candelabra-eric-bone-matte-GgNYWF,https://joyandco.com/storage/app/public/product/meta/def.webp,500 AED,in stock,new,Joy and Co
comic-art-mouse-FICTbs,Comic Art Mouse,Comic Art Mouse,https://joyandco.com/product/comic-art-mouse-FICTbs,https://joyandco.com/storage/app/public/product/meta/def.webp,1550 AED,in stock,new,Joy and Co
crystal-cake-stand-s-w5p3bW,Crystal Cake Stand S,Crystal Cake Stand S,https://joyandco.com/product/crystal-cake-stand-s-w5p3bW,https://joyandco.com/storage/app/public/product/meta/def.webp,425 AED,in stock,new,Joy and Co
jug-emily-bone-gloss-YqW4Rm,Jug 'Emily' Bone gloss,Jug 'Emily' Bone gloss,https://joyandco.com/product/jug-emily-bone-gloss-YqW4Rm,https://joyandco.com/storage/app/public/product/meta/def.webp,540 AED,in stock,new,Joy and Co
retro-cushion-orange-pKlI82,Retro Cushion Orange,Retro Cushion Orange,https://joyandco.com/product/retro-cushion-orange-pKlI82,https://joyandco.com/storage/app/public/product/meta/def.webp,245 AED,in stock,new,Joy and Co
fancy-purple-candle-holder-Xumq0D,Fancy Purple Candle Holder,Fancy Purple Candle Holder,https://joyandco.com/product/fancy-purple-candle-holder-Xumq0D,https://joyandco.com/storage/app/public/product/meta/def.webp,349 AED,in stock,new,Joy and Co
fruit-feast-plate-PGRiVb,Fruit Feast Plate,Fruit Feast Plate,https://joyandco.com/product/fruit-feast-plate-PGRiVb,https://joyandco.com/storage/app/public/product/meta/def.webp,480 AED,in stock,new,Joy and Co
small-chilli-vase-bPvwoR,Small Chilli Vase,Small Chilli Vase,https://joyandco.com/product/small-chilli-vase-bPvwoR,https://joyandco.com/storage/app/public/product/meta/def.webp,595 AED,in stock,new,Joy and Co
bisou-photo-frame-I8aWvJ,Bisou Photo Frame,Bisou Photo Frame,https://joyandco.com/product/bisou-photo-frame-I8aWvJ,https://joyandco.com/storage/app/public/product/meta/def.webp,99 AED,in stock,new,Joy and Co
tangerine-twist-vase-m7G1iP,Tangerine Twist Vase,Tangerine Twist Vase,https://joyandco.com/product/tangerine-twist-vase-m7G1iP,https://joyandco.com/storage/app/public/product/meta/def.webp,235 AED,in stock,new,Joy and Co
soup-plate-pagoda-classics-on-acid-x829dw,Soup Plate Pagoda - Classics on Acid,Soup Plate Pagoda - Classics on Acid,https://joyandco.com/product/soup-plate-pagoda-classics-on-acid-x829dw,https://joyandco.com/storage/app/public/product/meta/def.webp,345 AED,in stock,new,Joy and Co
lemon-vase-jWcote,Lemon Vase,Lemon Vase,https://joyandco.com/product/lemon-vase-jWcote,https://joyandco.com/storage/app/public/product/meta/def.webp,759 AED,in stock,new,Joy and Co
chrome-kiss-planter-nTDrA9,Chrome Kiss Planter,Chrome Kiss Planter,https://joyandco.com/product/chrome-kiss-planter-nTDrA9,https://joyandco.com/storage/app/public/product/meta/def.webp,375 AED,in stock,new,Joy and Co
jacks-cig-ashtray-large-1w8qhm,Jack’s Cig Ashtray Large,Jack’s Cig Ashtray Large,https://joyandco.com/product/jacks-cig-ashtray-large-1w8qhm,https://joyandco.com/storage/app/public/product/meta/def.webp,690 AED,in stock,new,Joy and Co
finya-vase-small-u9P1wN,Finya Vase Small,Finya Vase Small,https://joyandco.com/product/finya-vase-small-u9P1wN,https://joyandco.com/storage/app/public/product/meta/def.webp,225 AED,in stock,new,Joy and Co
bowl-lisa-coral-gloss-QuUwOW,Bowl 'Lisa' Coral Gloss,Bowl 'Lisa' Coral Gloss,https://joyandco.com/product/bowl-lisa-coral-gloss-QuUwOW,https://joyandco.com/storage/app/public/product/meta/def.webp,249 AED,in stock,new,Joy and Co
cello-suite-n27-cotton-harmony-700ml-iQ4sd1,Cello suite n.27 Cotton Harmony 700ML,Cello suite n.27 Cotton Harmony 700ML,https://joyandco.com/product/cello-suite-n27-cotton-harmony-700ml-iQ4sd1,https://joyandco.com/storage/app/public/product/meta/def.webp,775 AED,in stock,new,Joy and Co
bubble-bliss-tall-green-vase-nJWUpD,Bubble Bliss Tall Green Vase,Bubble Bliss Tall Green Vase,https://joyandco.com/product/bubble-bliss-tall-green-vase-nJWUpD,https://joyandco.com/storage/app/public/product/meta/def.webp,175 AED,in stock,new,Joy and Co
aurora-vase-QtwQO7,Aurora Vase,Aurora Vase,https://joyandco.com/product/aurora-vase-QtwQO7,https://joyandco.com/storage/app/public/product/meta/def.webp,490 AED,in stock,new,Joy and Co
fancy-candle-holder-OnKt5h,Fancy Candle Holder,Fancy Candle Holder,https://joyandco.com/product/fancy-candle-holder-OnKt5h,https://joyandco.com/storage/app/public/product/meta/def.webp,228 AED,in stock,new,Joy and Co
bowl-lisa-sky-gloss-jEzrk6,Bowl 'Lisa' Sky Gloss,Bowl 'Lisa' Sky Gloss,https://joyandco.com/product/bowl-lisa-sky-gloss-jEzrk6,https://joyandco.com/storage/app/public/product/meta/def.webp,249 AED,in stock,new,Joy and Co
good-morning-breakfast-plate-apSbJE,Good Morning Breakfast Plate,Good Morning Breakfast Plate,https://joyandco.com/product/good-morning-breakfast-plate-apSbJE,https://joyandco.com/storage/app/public/product/meta/def.webp,145 AED,in stock,new,Joy and Co
boho-planter-o3q5RN,Boho planter,Boho planter,https://joyandco.com/product/boho-planter-o3q5RN,https://joyandco.com/storage/app/public/product/meta/def.webp,330 AED,in stock,new,Joy and Co
bubble-bliss-tall-blue-vase-unbqYB,Bubble Bliss Tall Blue Vase,Bubble Bliss Tall Blue Vase,https://joyandco.com/product/bubble-bliss-tall-blue-vase-unbqYB,https://joyandco.com/storage/app/public/product/meta/def.webp,175 AED,in stock,new,Joy and Co
hybrid-tea-cup-isidora-HPVap0,Hybrid Tea Cup Isidora,Hybrid Tea Cup Isidora,https://joyandco.com/product/hybrid-tea-cup-isidora-HPVap0,https://joyandco.com/storage/app/public/product/meta/def.webp,165 AED,in stock,new,Joy and Co
bubble-bliss-small-blue-vase-TV97xt,Bubble Bliss Small Blue Vase,Bubble Bliss Small Blue Vase,https://joyandco.com/product/bubble-bliss-small-blue-vase-TV97xt,https://joyandco.com/storage/app/public/product/meta/def.webp,135 AED,in stock,new,Joy and Co
nora-candle-holder-vqp6ua,Nora Pink Candle Holder,Nora Pink Candle Holder,https://joyandco.com/product/nora-candle-holder-vqp6ua,https://joyandco.com/storage/app/public/product/meta/def.webp,105 AED,in stock,new,Joy and Co
bubble-bliss-small-red-vase-0n5hEZ,Bubble Bliss Small Red Vase,Bubble Bliss Small Red Vase,https://joyandco.com/product/bubble-bliss-small-red-vase-0n5hEZ,https://joyandco.com/storage/app/public/product/meta/def.webp,135 AED,in stock,new,Joy and Co
sunshine-glass-vase-Gqvfu5,Sunshine Glass Vase,Sunshine Glass Vase,https://joyandco.com/product/sunshine-glass-vase-Gqvfu5,https://joyandco.com/storage/app/public/product/meta/def.webp,99 AED,in stock,new,Joy and Co
strawberry-vase-E6CYHt,Strawberry Vase,Strawberry Vase,https://joyandco.com/product/strawberry-vase-E6CYHt,https://joyandco.com/storage/app/public/product/meta/def.webp,750 AED,in stock,new,Joy and Co
papillion-lidded-vase-oSf7xQ,Papillion Lidded Vase,Papillion Lidded Vase,https://joyandco.com/product/papillion-lidded-vase-oSf7xQ,https://joyandco.com/storage/app/public/product/meta/2025-02-20-67b710fe36c49.webp,580 AED,in stock,new,Joy and Co
fancy-tea-cup-set-with-saucer-gW5enB,Fancy Tea Cup Set with Saucer,Fancy Tea Cup Set with Saucer,https://joyandco.com/product/fancy-tea-cup-set-with-saucer-gW5enB,https://joyandco.com/storage/app/public/product/meta/def.webp,550 AED,in stock,new,Joy and Co
delft-tulip-vase-FMhv5X,Delft Tulip Vase,Delft Tulip Vase,https://joyandco.com/product/delft-tulip-vase-FMhv5X,https://joyandco.com/storage/app/public/product/meta/def.webp,275 AED,in stock,new,Joy and Co
azure-tower-vase-usiPgp,Azure Tower Vase,Azure Tower Vase,https://joyandco.com/product/azure-tower-vase-usiPgp,https://joyandco.com/storage/app/public/product/meta/def.webp,155 AED,in stock,new,Joy and Co
bronze-palm-trees-linen-napkins-set-of-4-9uqNPG,Bronze Palm Trees Linen Napkins Set of 2,Bronze Palm Trees Linen Napkins Set of 2,https://joyandco.com/product/bronze-palm-trees-linen-napkins-set-of-4-9uqNPG,https://joyandco.com/storage/app/public/product/meta/def.webp,115 AED,in stock,new,Joy and Co
vase-oscar-sky-matte-0TnEkm,Vase 'Óscar' Sky Matte,Vase 'Óscar' Sky Matte,https://joyandco.com/product/vase-oscar-sky-matte-0TnEkm,https://joyandco.com/storage/app/public/product/meta/def.webp,720 AED,in stock,new,Joy and Co
philine-candle-holder-hGtibu,Philine Candle Holder,Philine Candle Holder,https://joyandco.com/product/philine-candle-holder-hGtibu,https://joyandco.com/storage/app/public/product/meta/def.webp,95 AED,in stock,new,Joy and Co
paradise-cocktail-glass-set-of-2-EMpePq,Set of 2 Paradise Cocktail Glass,Set of 2 Paradise Cocktail Glass,https://joyandco.com/product/paradise-cocktail-glass-set-of-2-EMpePq,https://joyandco.com/storage/app/public/product/meta/def.webp,180 AED,in stock,new,Joy and Co
bliss-cocktail-glass-set-of-2-wVoWvZ,Set of 2 Bliss Cocktail Glass,Set of 2 Bliss Cocktail Glass,https://joyandco.com/product/bliss-cocktail-glass-set-of-2-wVoWvZ,https://joyandco.com/storage/app/public/product/meta/def.webp,180 AED,in stock,new,Joy and Co
mandarino-vase-RRwhKz,Mandarino Vase,Mandarino Vase,https://joyandco.com/product/mandarino-vase-RRwhKz,https://joyandco.com/storage/app/public/product/meta/def.webp,760 AED,in stock,new,Joy and Co
roots-black-candle-holder-5uYzA6,Roots Black Candle Holder,Roots Black Candle Holder,https://joyandco.com/product/roots-black-candle-holder-5uYzA6,https://joyandco.com/storage/app/public/product/meta/def.webp,949 AED,in stock,new,Joy and Co
bowl-lisa-bubblegum-gloss-TyMgca,Bowl 'Lisa' Bubblegum Gloss,Bowl 'Lisa' Bubblegum Gloss,https://joyandco.com/product/bowl-lisa-bubblegum-gloss-TyMgca,https://joyandco.com/storage/app/public/product/meta/def.webp,249 AED,in stock,new,Joy and Co
twist-flicker-candleholder-white-sAsYLc,Twist & Flicker Candleholder White,Twist & Flicker Candleholder White,https://joyandco.com/product/twist-flicker-candleholder-white-sAsYLc,https://joyandco.com/storage/app/public/product/meta/def.webp,145 AED,in stock,new,Joy and Co
jacks-cig-ashtray-nPYWV9,Jack’s Cig Ashtray,Jack’s Cig Ashtray,https://joyandco.com/product/jacks-cig-ashtray-nPYWV9,https://joyandco.com/storage/app/public/product/meta/def.webp,252 AED,in stock,new,Joy and Co
wine-chiller-vYnM0O,Wine Chiller,Wine Chiller,https://joyandco.com/product/wine-chiller-vYnM0O,https://joyandco.com/storage/app/public/product/meta/def.webp,670 AED,in stock,new,Joy and Co
vase-oscar-bubblegum-gloss-NiYPpf,Vase 'Óscar' Bubblegum Gloss,Vase 'Óscar' Bubblegum Gloss,https://joyandco.com/product/vase-oscar-bubblegum-gloss-NiYPpf,https://joyandco.com/storage/app/public/product/meta/def.webp,720 AED,in stock,new,Joy and Co
i-love-you-plate-sUITA2,Ti Amo Plate,Ti Amo Plate,https://joyandco.com/product/i-love-you-plate-sUITA2,https://joyandco.com/storage/app/public/product/meta/def.webp,163 AED,in stock,new,Joy and Co
flute-water-glass-classics-on-acid-ENZuHe,Flute Water Glass - Classics on Acid,Flute Water Glass - Classics on Acid,https://joyandco.com/product/flute-water-glass-classics-on-acid-ENZuHe,https://joyandco.com/storage/app/public/product/meta/def.webp,95 AED,in stock,new,Joy and Co
love-peace-b9mH5L,Love & Peace,Love & Peace,https://joyandco.com/product/love-peace-b9mH5L,https://joyandco.com/storage/app/public/product/meta/def.webp,1450 AED,in stock,new,Joy and Co
fancy-purple-candle-holder-ntWr5K,Fancy Purple Candle Holder,Fancy Purple Candle Holder,https://joyandco.com/product/fancy-purple-candle-holder-ntWr5K,https://joyandco.com/storage/app/public/product/meta/def.webp,720 AED,in stock,new,Joy and Co
con-amore-plate-5ky8Z4,Con Amore Plate,Con Amore Plate,https://joyandco.com/product/con-amore-plate-5ky8Z4,https://joyandco.com/storage/app/public/product/meta/2025-02-20-67b70b69034ce.webp,163 AED,in stock,new,Joy and Co
medium-venice-candle-holder-nal7NS,Medium Venice Candle Holder,Medium Venice Candle Holder,https://joyandco.com/product/medium-venice-candle-holder-nal7NS,https://joyandco.com/storage/app/public/product/meta/def.webp,149 AED,in stock,new,Joy and Co
cello-suite-n7-woods-harmony-3000ml-ACrk7O,Cello suite n.7 Woods Harmony 3000ML,Cello suite n.7 Woods Harmony 3000ML,https://joyandco.com/product/cello-suite-n7-woods-harmony-3000ml-ACrk7O,https://joyandco.com/storage/app/public/product/meta/def.webp,2790 AED,in stock,new,Joy and Co
teapot-UXKZyi,Teapot,Teapot,https://joyandco.com/product/teapot-UXKZyi,https://joyandco.com/storage/app/public/product/meta/2025-02-19-67b633d824799.webp,173 AED,in stock,new,Joy and Co
classic-yellow-porcelain-vase-m-oMwtLG,Classic Yellow Porcelain Vase M,Classic Yellow Porcelain Vase M,https://joyandco.com/product/classic-yellow-porcelain-vase-m-oMwtLG,https://joyandco.com/storage/app/public/product/meta/def.webp,345 AED,in stock,new,Joy and Co
leela-large-vase-Yz1pBc,Leela Large Vase,Leela Large Vase,https://joyandco.com/product/leela-large-vase-Yz1pBc,https://joyandco.com/storage/app/public/product/meta/def.webp,270 AED,in stock,new,Joy and Co
emma-candle-holder-5q00Ow,Emma Candle Holder,Emma Candle Holder,https://joyandco.com/product/emma-candle-holder-5q00Ow,https://joyandco.com/storage/app/public/product/meta/def.webp,115 AED,in stock,new,Joy and Co
la-tavola-scomposta-cake-stand-ohcRdD,La Tavola Scomposta cake stand,La Tavola Scomposta cake stand,https://joyandco.com/product/la-tavola-scomposta-cake-stand-ohcRdD,https://joyandco.com/storage/app/public/product/meta/def.webp,280 AED,in stock,new,Joy and Co
crystal-tray-FV9aIm,Crystal Tray,Crystal Tray,https://joyandco.com/product/crystal-tray-FV9aIm,https://joyandco.com/storage/app/public/product/meta/def.webp,415 AED,in stock,new,Joy and Co
fish-fete-plate-set-wiq5aC,Fish Fête Plate Set,Fish Fête Plate Set,https://joyandco.com/product/fish-fete-plate-set-wiq5aC,https://joyandco.com/storage/app/public/product/meta/def.webp,700 AED,in stock,new,Joy and Co
abracadabra-destino-dinner-plate-ZwL71a,Abracadabra Destino Dinner Plate,Abracadabra Destino Dinner Plate,https://joyandco.com/product/abracadabra-destino-dinner-plate-ZwL71a,https://joyandco.com/storage/app/public/product/meta/2025-02-19-67b5a9267f328.webp,223 AED,in stock,new,Joy and Co
twist-glow-candleholder-orange-3nhp4A,Twist & Glow Candleholder Orange,Twist & Glow Candleholder Orange,https://joyandco.com/product/twist-glow-candleholder-orange-3nhp4A,https://joyandco.com/storage/app/public/product/meta/def.webp,245 AED,in stock,new,Joy and Co
je-taime-photo-frame-f1XBp0,Je t'aime Photo Frame,Je t'aime Photo Frame,https://joyandco.com/product/je-taime-photo-frame-f1XBp0,https://joyandco.com/storage/app/public/product/meta/def.webp,99 AED,in stock,new,Joy and Co
petra-purple-candle-holder-4rsvSz,Petra Purple Candle Holder,Petra Purple Candle Holder,https://joyandco.com/product/petra-purple-candle-holder-4rsvSz,https://joyandco.com/storage/app/public/product/meta/def.webp,75 AED,in stock,new,Joy and Co
tissue-box-orange-pWgfkV,Tissue Box Orange,Tissue Box Orange,https://joyandco.com/product/tissue-box-orange-pWgfkV,https://joyandco.com/storage/app/public/product/meta/def.webp,315 AED,in stock,new,Joy and Co
evergreen-vase-waLCAv,Evergreen Vase,Evergreen Vase,https://joyandco.com/product/evergreen-vase-waLCAv,https://joyandco.com/storage/app/public/product/meta/def.webp,115 AED,in stock,new,Joy and Co
nye-glass-classics-on-acid-UfwDNd,NYE Glass - Classics on Acid,NYE Glass - Classics on Acid,https://joyandco.com/product/nye-glass-classics-on-acid-UfwDNd,https://joyandco.com/storage/app/public/product/meta/def.webp,195 AED,in stock,new,Joy and Co
yellow-scalloped-breakfast-plate-A7zpla,Yellow Scalloped Breakfast Plate,Yellow Scalloped Breakfast Plate,https://joyandco.com/product/yellow-scalloped-breakfast-plate-A7zpla,https://joyandco.com/storage/app/public/product/meta/def.webp,140 AED,in stock,new,Joy and Co
bubble-bliss-tall-red-vase-BdGIlV,Bubble Bliss Tall Red Vase,Bubble Bliss Tall Red Vase,https://joyandco.com/product/bubble-bliss-tall-red-vase-BdGIlV,https://joyandco.com/storage/app/public/product/meta/def.webp,175 AED,in stock,new,Joy and Co
bubble-bliss-small-pink-vase-vc9h1y,Bubble Bliss Small Pink Vase,Bubble Bliss Small Pink Vase,https://joyandco.com/product/bubble-bliss-small-pink-vase-vc9h1y,https://joyandco.com/storage/app/public/product/meta/def.webp,135 AED,in stock,new,Joy and Co
parrot-candle-holder-2AqvCv,Parrot Candle Holder,Parrot Candle Holder,https://joyandco.com/product/parrot-candle-holder-2AqvCv,https://joyandco.com/storage/app/public/product/meta/def.webp,640 AED,in stock,new,Joy and Co
good-morning-mug-Qe5Bej,Good Morning Mug,Good Morning Mug,https://joyandco.com/product/good-morning-mug-Qe5Bej,https://joyandco.com/storage/app/public/product/meta/def.webp,110 AED,in stock,new,Joy and Co
bubble-pop-vase-aYXp7U,Bubble Pop Vase,Bubble Pop Vase,https://joyandco.com/product/bubble-pop-vase-aYXp7U,https://joyandco.com/storage/app/public/product/meta/def.webp,550 AED,in stock,new,Joy and Co
bowl-lisa-bone-gloss-BSKFl3,Bowl 'Lisa' Bone Gloss,Bowl 'Lisa' Bone Gloss,https://joyandco.com/product/bowl-lisa-bone-gloss-BSKFl3,https://joyandco.com/storage/app/public/product/meta/def.webp,249 AED,in stock,new,Joy and Co
disks-planter-GFwX5i,Disks Planter,Disks Planter,https://joyandco.com/product/disks-planter-GFwX5i,https://joyandco.com/storage/app/public/product/meta/def.webp,250 AED,in stock,new,Joy and Co
hybrid-tea-cup-zora-with-saucer-xxizYV,Hybrid Tea Cup Zora with Saucer,Hybrid Tea Cup Zora with Saucer,https://joyandco.com/product/hybrid-tea-cup-zora-with-saucer-xxizYV,https://joyandco.com/storage/app/public/product/meta/def.webp,165 AED,in stock,new,Joy and Co
good-morning-bowl-fWw1mw,Good Morning Bowl,Good Morning Bowl,https://joyandco.com/product/good-morning-bowl-fWw1mw,https://joyandco.com/storage/app/public/product/meta/def.webp,135 AED,in stock,new,Joy and Co
abracadabra-striped-dessert-plate-WWoXWn,Abracadabra Striped Dessert Plate,Abracadabra Striped Dessert Plate,https://joyandco.com/product/abracadabra-striped-dessert-plate-WWoXWn,https://joyandco.com/storage/app/public/product/meta/2025-02-19-67b5b34bba61c.webp,179 AED,in stock,new,Joy and Co
pink-kiss-planter-wNl1qY,Pink Kiss Planter,Pink Kiss Planter,https://joyandco.com/product/pink-kiss-planter-wNl1qY,https://joyandco.com/storage/app/public/product/meta/def.webp,375 AED,in stock,new,Joy and Co
leela-medium-vase-0Rw06l,Leela Medium Vase,Leela Medium Vase,https://joyandco.com/product/leela-medium-vase-0Rw06l,https://joyandco.com/storage/app/public/product/meta/def.webp,195 AED,in stock,new,Joy and Co
sugarline-vase-9rFoY2,Sugarline Vase,Sugarline Vase,https://joyandco.com/product/sugarline-vase-9rFoY2,https://joyandco.com/storage/app/public/product/meta/def.webp,135 AED,in stock,new,Joy and Co
blue-chinoiserie-dinner-plate-classics-on-acid-PVgGP5,Blue Chinoiserie Dinner Plate - Classics on Acid,Blue Chinoiserie Dinner Plate - Classics on Acid,https://joyandco.com/product/blue-chinoiserie-dinner-plate-classics-on-acid-PVgGP5,https://joyandco.com/storage/app/public/product/meta/def.webp,295 AED,in stock,new,Joy and Co
relaxing-leo-jL7fXt,Relaxing Leo,Relaxing Leo,https://joyandco.com/product/relaxing-leo-jL7fXt,https://joyandco.com/storage/app/public/product/meta/def.webp,1950 AED,in stock,new,Joy and Co
abracadabra-round-serving-plate-okCZ5Q,Abracadabra Round Serving Plate,Abracadabra Round Serving Plate,https://joyandco.com/product/abracadabra-round-serving-plate-okCZ5Q,https://joyandco.com/storage/app/public/product/meta/def.webp,420 AED,in stock,new,Joy and Co
edion-oud-3000ml-Fa1UyW,EDION Oud 3000ML,EDION Oud 3000ML,https://joyandco.com/product/edion-oud-3000ml-Fa1UyW,https://joyandco.com/storage/app/public/product/meta/def.webp,2790 AED,in stock,new,Joy and Co
dip-dye-orange-taper-candle-pack-of-4-yMIpt2,Pack of 4 Dip Dye Orange Taper Candle,Pack of 4 Dip Dye Orange Taper Candle,https://joyandco.com/product/dip-dye-orange-taper-candle-pack-of-4-yMIpt2,https://joyandco.com/storage/app/public/product/meta/def.webp,45 AED,in stock,new,Joy and Co
psycho-salad-bowl-classics-on-acid-I0fOr5,Psycho Salad Bowl - Classics on Acid,Psycho Salad Bowl - Classics on Acid,https://joyandco.com/product/psycho-salad-bowl-classics-on-acid-I0fOr5,https://joyandco.com/storage/app/public/product/meta/def.webp,496 AED,in stock,new,Joy and Co
crazy-quarter-plate-dark-green-blob-Up8RMG,Crazy Quarter Plate Dark Green Blob,Crazy Quarter Plate Dark Green Blob,https://joyandco.com/product/crazy-quarter-plate-dark-green-blob-Up8RMG,https://joyandco.com/storage/app/public/product/meta/def.webp,145 AED,in stock,new,Joy and Co
modern-lisa-yk0QO3,Modern Lisa,Modern Lisa,https://joyandco.com/product/modern-lisa-yk0QO3,https://joyandco.com/storage/app/public/product/meta/def.webp,1450 AED,in stock,new,Joy and Co
cozy-cappuccino-mug-set-ik8yLK,Cozy Cappuccino Mug Set,Cozy Cappuccino Mug Set,https://joyandco.com/product/cozy-cappuccino-mug-set-ik8yLK,https://joyandco.com/storage/app/public/product/meta/def.webp,500 AED,in stock,new,Joy and Co
crystal-cake-stand-m-znlBxJ,Crystal Cake Stand M,Crystal Cake Stand M,https://joyandco.com/product/crystal-cake-stand-m-znlBxJ,https://joyandco.com/storage/app/public/product/meta/def.webp,435 AED,in stock,new,Joy and Co
large-chilli-vase-jgfHcr,Large Chilli Vase,Large Chilli Vase,https://joyandco.com/product/large-chilli-vase-jgfHcr,https://joyandco.com/storage/app/public/product/meta/def.webp,879 AED,in stock,new,Joy and Co
flower-girl-candleholde-pink-Hv3IdF,Flower Girl Candleholder Pink,Flower Girl Candleholder Pink,https://joyandco.com/product/flower-girl-candleholde-pink-Hv3IdF,https://joyandco.com/storage/app/public/product/meta/def.webp,83 AED,in stock,new,Joy and Co
striped-lidded-vase-vV1XPo,Striped Lidded Vase,Striped Lidded Vase,https://joyandco.com/product/striped-lidded-vase-vV1XPo,https://joyandco.com/storage/app/public/product/meta/def.webp,760 AED,in stock,new,Joy and Co
sweetkeeper-light-yellow-jar-MfSjub,Sweetkeeper Light Yellow Jar,Sweetkeeper Light Yellow Jar,https://joyandco.com/product/sweetkeeper-light-yellow-jar-MfSjub,https://joyandco.com/storage/app/public/product/meta/def.webp,155 AED,in stock,new,Joy and Co
blue-vase-4UH9rD,Blue Vase,Blue Vase,https://joyandco.com/product/blue-vase-4UH9rD,https://joyandco.com/storage/app/public/product/meta/def.webp,209 AED,in stock,new,Joy and Co
dip-dye-blue-taper-candle-pack-of-4-G107PE,Pack of 4 Dip Dye Blue Taper Candle,Pack of 4 Dip Dye Blue Taper Candle,https://joyandco.com/product/dip-dye-blue-taper-candle-pack-of-4-G107PE,https://joyandco.com/storage/app/public/product/meta/def.webp,45 AED,in stock,new,Joy and Co
wire-to-the-moon-Xk0Z0H,Wire to The Moon,Wire to The Moon,https://joyandco.com/product/wire-to-the-moon-Xk0Z0H,https://joyandco.com/storage/app/public/product/meta/def.webp,1550 AED,in stock,new,Joy and Co
stella-dessert-plate-n4IsPH,Stella Dessert Plate,Stella Dessert Plate,https://joyandco.com/product/stella-dessert-plate-n4IsPH,https://joyandco.com/storage/app/public/product/meta/2025-02-20-67b70e3bceed6.webp,180 AED,in stock,new,Joy and Co
lobster-plate-large-vZKc7Q,Lobster Plate Large,Lobster Plate Large,https://joyandco.com/product/lobster-plate-large-vZKc7Q,https://joyandco.com/storage/app/public/product/meta/def.webp,225 AED,in stock,new,Joy and Co
squared-trinket-tray-jYRIfq,Squared Trinket Tray,Squared Trinket Tray,https://joyandco.com/product/squared-trinket-tray-jYRIfq,https://joyandco.com/storage/app/public/product/meta/2025-02-20-67b70ecf94c20.webp,203 AED,in stock,new,Joy and Co
saluti-photo-frame-S3nQjl,Saluti Photo Frame,Saluti Photo Frame,https://joyandco.com/product/saluti-photo-frame-S3nQjl,https://joyandco.com/storage/app/public/product/meta/def.webp,95 AED,in stock,new,Joy and Co
the-joy-frame-set-GTfjJy,The Joy Frame Set,The Joy Frame Set,https://joyandco.com/product/the-joy-frame-set-GTfjJy,https://joyandco.com/storage/app/public/product/meta/def.webp,390 AED,in stock,new,Joy and Co
matcha-set-giftbox-pink-fRIAo5,Matcha Set Giftbox Pink,Matcha Set Giftbox Pink,https://joyandco.com/product/matcha-set-giftbox-pink-fRIAo5,https://joyandco.com/storage/app/public/product/meta/def.webp,390 AED,in stock,new,Joy and Co
glow-jar-CIqmuy,Glow Jar,Glow Jar,https://joyandco.com/product/glow-jar-CIqmuy,https://joyandco.com/storage/app/public/product/meta/def.webp,155 AED,in stock,new,Joy and Co
cello-suite-n27-cotton-harmony-3000ml-yYYbh0,Cello suite n.27 Cotton Harmony 3000ML,Cello suite n.27 Cotton Harmony 3000ML,https://joyandco.com/product/cello-suite-n27-cotton-harmony-3000ml-yYYbh0,https://joyandco.com/storage/app/public/product/meta/def.webp,2790 AED,in stock,new,Joy and Co
classic-cake-stand-W6jV8f,Classic Cake Stand,Classic Cake Stand,https://joyandco.com/product/classic-cake-stand-W6jV8f,https://joyandco.com/storage/app/public/product/meta/def.webp,180 AED,in stock,new,Joy and Co
finya-vase-medium-xUMUdo,Finya Vase Medium,Finya Vase Medium,https://joyandco.com/product/finya-vase-medium-xUMUdo,https://joyandco.com/storage/app/public/product/meta/def.webp,310 AED,in stock,new,Joy and Co
retro-cushion-yellow-YRVYAZ,Retro Cushion Yellow,Retro Cushion Yellow,https://joyandco.com/product/retro-cushion-yellow-YRVYAZ,https://joyandco.com/storage/app/public/product/meta/def.webp,245 AED,in stock,new,Joy and Co
lumiere-jar-l-xJu2Ea,Lumiere Jar L,Lumiere Jar L,https://joyandco.com/product/lumiere-jar-l-xJu2Ea,https://joyandco.com/storage/app/public/product/meta/def.webp,190 AED,in stock,new,Joy and Co
skyline-vase-9yZABA,Skyline Vase,Skyline Vase,https://joyandco.com/product/skyline-vase-9yZABA,https://joyandco.com/storage/app/public/product/meta/def.webp,125 AED,in stock,new,Joy and Co
fancy-yellow-candle-holder-06TVHr,Fancy Yellow Candle Holder,Fancy Yellow Candle Holder,https://joyandco.com/product/fancy-yellow-candle-holder-06TVHr,https://joyandco.com/storage/app/public/product/meta/def.webp,720 AED,in stock,new,Joy and Co
hollandia-flowers-dinner-plate-classics-on-acid-IKSvjk,Hollandia Flowers Dinner Plate - Classics on Acid,Hollandia Flowers Dinner Plate - Classics on Acid,https://joyandco.com/product/hollandia-flowers-dinner-plate-classics-on-acid-IKSvjk,https://joyandco.com/storage/app/public/product/meta/def.webp,295 AED,in stock,new,Joy and Co
forever-always-plate-4gLiFv,Forever Always Plate,Forever Always Plate,https://joyandco.com/product/forever-always-plate-4gLiFv,https://joyandco.com/storage/app/public/product/meta/2025-02-20-67b70b9e829b0.webp,163 AED,in stock,new,Joy and Co
blue-glass-vase-KAAcTq,Blue Glass Vase,Blue Glass Vase,https://joyandco.com/product/blue-glass-vase-KAAcTq,https://joyandco.com/storage/app/public/product/meta/def.webp,99 AED,in stock,new,Joy and Co
disks-vase-lLL4HA,Disks Vase,Disks Vase,https://joyandco.com/product/disks-vase-lLL4HA,https://joyandco.com/storage/app/public/product/meta/def.webp,350 AED,in stock,new,Joy and Co
deer-dessert-plate-classics-on-acid-vJvbu7,Deer Dessert Plate - Classics on Acid,Deer Dessert Plate - Classics on Acid,https://joyandco.com/product/deer-dessert-plate-classics-on-acid-vJvbu7,https://joyandco.com/storage/app/public/product/meta/def.webp,195 AED,in stock,new,Joy and Co
bubble-bliss-tall-pink-vase-kRaPzX,Bubble Bliss Tall Pink Vase,Bubble Bliss Tall Pink Vase,https://joyandco.com/product/bubble-bliss-tall-pink-vase-kRaPzX,https://joyandco.com/storage/app/public/product/meta/def.webp,175 AED,in stock,new,Joy and Co
chinoiserie-birds-linen-placemat-set-of-4-BVCL8N,Chinoiserie Birds Linen Placemat Set of 4,Chinoiserie Birds Linen Placemat Set of 4,https://joyandco.com/product/chinoiserie-birds-linen-placemat-set-of-4-BVCL8N,https://joyandco.com/storage/app/public/product/meta/def.webp,420 AED,in stock,new,Joy and Co
bronze-palm-trees-linen-placemat-set-of-4-uPYQ5E,Bronze Palm Trees Linen Placemat Set of 2,Bronze Palm Trees Linen Placemat Set of 2,https://joyandco.com/product/bronze-palm-trees-linen-placemat-set-of-4-uPYQ5E,https://joyandco.com/storage/app/public/product/meta/def.webp,225 AED,in stock,new,Joy and Co
bronze-hobnail-jug-tall-MItwRN,Bronze Hobnail Jug Tall,Bronze Hobnail Jug Tall,https://joyandco.com/product/bronze-hobnail-jug-tall-MItwRN,https://joyandco.com/storage/app/public/product/meta/def.webp,475 AED,in stock,new,Joy and Co
sugarvault-jar-l-bykFhe,SugarVault Jar L,SugarVault Jar L,https://joyandco.com/product/sugarvault-jar-l-bykFhe,https://joyandco.com/storage/app/public/product/meta/def.webp,190 AED,in stock,new,Joy and Co
classic-lidded-jar-iFyZoK,Classic Lidded Jar,Classic Lidded Jar,https://joyandco.com/product/classic-lidded-jar-iFyZoK,https://joyandco.com/storage/app/public/product/meta/def.webp,730 AED,in stock,new,Joy and Co
